c,opponent,run_id,agent_score,opponent_score,score_diff,win,turns,replay_path
0.0,starter_baseline,1,10.0,7.0,3.0,1,100,/Users/aryanthodupunuri/terminal-algo-strategy/results/tuning/grid/replays/c_0.00/starter_baseline/run_1.replay
0.0,starter_baseline,2,11.0,7.0,4.0,1,100,/Users/aryanthodupunuri/terminal-algo-strategy/results/tuning/grid/replays/c_0.00/starter_baseline/run_2.replay
0.0,starter_baseline,3,6.0,5.0,1.0,1,100,/Users/aryanthodupunuri/terminal-algo-strategy/results/tuning/grid/replays/c_0.00/starter_baseline/run_3.replay
0.0,defensive_opponent,1,1.0,43.0,-42.0,0,89,/Users/aryanthodupunuri/terminal-algo-strategy/results/tuning/grid/replays/c_0.00/defensive_opponent/run_1.replay
0.0,defensive_opponent,2,1.0,43.0,-42.0,0,89,/Users/aryanthodupunuri/terminal-algo-strategy/results/tuning/grid/replays/c_0.00/defensive_opponent/run_2.replay
0.0,defensive_opponent,3,1.0,43.0,-42.0,0,89,/Users/aryanthodupunuri/terminal-algo-strategy/results/tuning/grid/replays/c_0.00/defensive_opponent/run_3.replay
0.0,aggressive_opponent,1,3.0,41.0,-38.0,0,24,/Users/aryanthodupunuri/terminal-algo-strategy/results/tuning/grid/replays/c_0.00/aggressive_opponent/run_1.replay
0.0,aggressive_opponent,2,0.0,43.0,-43.0,0,25,/Users/aryanthodupunuri/terminal-algo-strategy/results/tuning/grid/replays/c_0.00/aggressive_opponent/run_2.replay
0.0,aggressive_opponent,3,2.0,41.0,-39.0,0,24,/Users/aryanthodupunuri/terminal-algo-strategy/results/tuning/grid/replays/c_0.00/aggressive_opponent/run_3.replay
0.1,starter_baseline,1,4.0,0.0,4.0,1,100,/Users/aryanthodupunuri/terminal-algo-strategy/results/tuning/grid/replays/c_0.10/starter_baseline/run_1.replay
0.1,starter_baseline,2,11.0,1.0,10.0,1,100,/Users/aryanthodupunuri/terminal-algo-strategy/results/tuning/grid/replays/c_0.10/starter_baseline/run_2.replay
0.1,starter_baseline,3,7.0,4.0,3.0,1,100,/Users/aryanthodupunuri/terminal-algo-strategy/results/tuning/grid/replays/c_0.10/starter_baseline/run_3.replay
0.1,defensive_opponent,1,14.0,14.0,0.0,0,100,/Users/aryanthodupunuri/terminal-algo-strategy/results/tuning/grid/replays/c_0.10/defensive_opponent/run_1.replay
0.1,defensive_opponent,2,14.0,14.0,0.0,0,100,/Users/aryanthodupunuri/terminal-algo-strategy/results/tuning/grid/replays/c_0.10/defensive_opponent/run_2.replay
0.1,defensive_opponent,3,14.0,14.0,0.0,0,100,/Users/aryanthodupunuri/terminal-algo-strategy/results/tuning/grid/replays/c_0.10/defensive_opponent/run_3.replay
0.1,aggressive_opponent,1,28.0,0.0,28.0,1,100,/Users/aryanthodupunuri/terminal-algo-strategy/results/tuning/grid/replays/c_0.10/aggressive_opponent/run_1.replay
0.1,aggressive_opponent,2,1.0,43.0,-42.0,0,45,/Users/aryanthodupunuri/terminal-algo-strategy/results/tuning/grid/replays/c_0.10/aggressive_opponent/run_2.replay
0.1,aggressive_opponent,3,7.0,43.0,-36.0,0,47,/Users/aryanthodupunuri/terminal-algo-strategy/results/tuning/grid/replays/c_0.10/aggressive_opponent/run_3.replay
0.2,starter_baseline,1,7.0,7.0,0.0,0,100,/Users/aryanthodupunuri/terminal-algo-strategy/results/tuning/grid/replays/c_0.20/starter_baseline/run_1.replay
0.2,starter_baseline,2,6.0,42.0,-36.0,0,93,/Users/aryanthodupunuri/terminal-algo-strategy/results/tuning/grid/replays/c_0.20/starter_baseline/run_2.replay
0.2,starter_baseline,3,8.0,4.0,4.0,1,100,/Users/aryanthodupunuri/terminal-algo-strategy/results/tuning/grid/replays/c_0.20/starter_baseline/run_3.replay
0.2,defensive_opponent,1,6.0,26.0,-20.0,0,100,/Users/aryanthodupunuri/terminal-algo-strategy/results/tuning/grid/replays/c_0.20/defensive_opponent/run_1.replay
0.2,defensive_opponent,2,6.0,27.0,-21.0,0,100,/Users/aryanthodupunuri/terminal-algo-strategy/results/tuning/grid/replays/c_0.20/defensive_opponent/run_2.replay
0.2,defensive_opponent,3,6.0,31.0,-25.0,0,100,/Users/aryanthodupunuri/terminal-algo-strategy/results/tuning/grid/replays/c_0.20/defensive_opponent/run_3.replay
0.2,aggressive_opponent,1,1.0,40.0,-39.0,0,50,/Users/aryanthodupunuri/terminal-algo-strategy/results/tuning/grid/replays/c_0.20/aggressive_opponent/run_1.replay
0.2,aggressive_opponent,2,5.0,41.0,-36.0,0,46,/Users/aryanthodupunuri/terminal-algo-strategy/results/tuning/grid/replays/c_0.20/aggressive_opponent/run_2.replay
0.2,aggressive_opponent,3,2.0,41.0,-39.0,0,44,/Users/aryanthodupunuri/terminal-algo-strategy/results/tuning/grid/replays/c_0.20/aggressive_opponent/run_3.replay
0.3,starter_baseline,1,4.0,46.0,-42.0,0,71,/Users/aryanthodupunuri/terminal-algo-strategy/results/tuning/grid/replays/c_0.30/starter_baseline/run_1.replay
0.3,starter_baseline,2,2.0,43.0,-41.0,0,49,/Users/aryanthodupunuri/terminal-algo-strategy/results/tuning/grid/replays/c_0.30/starter_baseline/run_2.replay
0.3,starter_baseline,3,3.0,41.0,-38.0,0,65,/Users/aryanthodupunuri/terminal-algo-strategy/results/tuning/grid/replays/c_0.30/starter_baseline/run_3.replay
0.3,defensive_opponent,1,32.0,4.0,28.0,1,100,/Users/aryanthodupunuri/terminal-algo-strategy/results/tuning/grid/replays/c_0.30/defensive_opponent/run_1.replay
0.3,defensive_opponent,2,33.0,4.0,29.0,1,100,/Users/aryanthodupunuri/terminal-algo-strategy/results/tuning/grid/replays/c_0.30/defensive_opponent/run_2.replay
0.3,defensive_opponent,3,32.0,4.0,28.0,1,100,/Users/aryanthodupunuri/terminal-algo-strategy/results/tuning/grid/replays/c_0.30/defensive_opponent/run_3.replay
0.3,aggressive_opponent,1,10.0,40.0,-30.0,0,62,/Users/aryanthodupunuri/terminal-algo-strategy/results/tuning/grid/replays/c_0.30/aggressive_opponent/run_1.replay
0.3,aggressive_opponent,2,1.0,41.0,-40.0,0,52,/Users/aryanthodupunuri/terminal-algo-strategy/results/tuning/grid/replays/c_0.30/aggressive_opponent/run_2.replay
0.3,aggressive_opponent,3,1.0,40.0,-39.0,0,54,/Users/aryanthodupunuri/terminal-algo-strategy/results/tuning/grid/replays/c_0.30/aggressive_opponent/run_3.replay
0.4,starter_baseline,1,56.0,12.0,44.0,1,45,/Users/aryanthodupunuri/terminal-algo-strategy/results/tuning/grid/replays/c_0.40/starter_baseline/run_1.replay
0.4,starter_baseline,2,42.0,4.0,38.0,1,43,/Users/aryanthodupunuri/terminal-algo-strategy/results/tuning/grid/replays/c_0.40/starter_baseline/run_2.replay
0.4,starter_baseline,3,43.0,0.0,43.0,1,43,/Users/aryanthodupunuri/terminal-algo-strategy/results/tuning/grid/replays/c_0.40/starter_baseline/run_3.replay
0.4,defensive_opponent,1,42.0,0.0,42.0,1,49,/Users/aryanthodupunuri/terminal-algo-strategy/results/tuning/grid/replays/c_0.40/defensive_opponent/run_1.replay
0.4,defensive_opponent,2,40.0,0.0,40.0,1,49,/Users/aryanthodupunuri/terminal-algo-strategy/results/tuning/grid/replays/c_0.40/defensive_opponent/run_2.replay
0.4,defensive_opponent,3,42.0,0.0,42.0,1,49,/Users/aryanthodupunuri/terminal-algo-strategy/results/tuning/grid/replays/c_0.40/defensive_opponent/run_3.replay
0.4,aggressive_opponent,1,9.0,41.0,-32.0,0,52,/Users/aryanthodupunuri/terminal-algo-strategy/results/tuning/grid/replays/c_0.40/aggressive_opponent/run_1.replay
0.4,aggressive_opponent,2,40.0,0.0,40.0,1,49,/Users/aryanthodupunuri/terminal-algo-strategy/results/tuning/grid/replays/c_0.40/aggressive_opponent/run_2.replay
0.4,aggressive_opponent,3,23.0,44.0,-21.0,0,70,/Users/aryanthodupunuri/terminal-algo-strategy/results/tuning/grid/replays/c_0.40/aggressive_opponent/run_3.replay
0.5,starter_baseline,1,41.0,0.0,41.0,1,33,/Users/aryanthodupunuri/terminal-algo-strategy/results/tuning/grid/replays/c_0.50/starter_baseline/run_1.replay
0.5,starter_baseline,2,48.0,1.0,47.0,1,33,/Users/aryanthodupunuri/terminal-algo-strategy/results/tuning/grid/replays/c_0.50/starter_baseline/run_2.replay
0.5,starter_baseline,3,43.0,0.0,43.0,1,33,/Users/aryanthodupunuri/terminal-algo-strategy/results/tuning/grid/replays/c_0.50/starter_baseline/run_3.replay
0.5,defensive_opponent,1,41.0,0.0,41.0,1,39,/Users/aryanthodupunuri/terminal-algo-strategy/results/tuning/grid/replays/c_0.50/defensive_opponent/run_1.replay
0.5,defensive_opponent,2,41.0,0.0,41.0,1,39,/Users/aryanthodupunuri/terminal-algo-strategy/results/tuning/grid/replays/c_0.50/defensive_opponent/run_2.replay
0.5,defensive_opponent,3,41.0,0.0,41.0,1,39,/Users/aryanthodupunuri/terminal-algo-strategy/results/tuning/grid/replays/c_0.50/defensive_opponent/run_3.replay
0.5,aggressive_opponent,1,11.0,41.0,-30.0,0,64,/Users/aryanthodupunuri/terminal-algo-strategy/results/tuning/grid/replays/c_0.50/aggressive_opponent/run_1.replay
0.5,aggressive_opponent,2,6.0,40.0,-34.0,0,48,/Users/aryanthodupunuri/terminal-algo-strategy/results/tuning/grid/replays/c_0.50/aggressive_opponent/run_2.replay
0.5,aggressive_opponent,3,8.0,40.0,-32.0,0,55,/Users/aryanthodupunuri/terminal-algo-strategy/results/tuning/grid/replays/c_0.50/aggressive_opponent/run_3.replay
0.6,starter_baseline,1,52.0,8.0,44.0,1,25,/Users/aryanthodupunuri/terminal-algo-strategy/results/tuning/grid/replays/c_0.60/starter_baseline/run_1.replay
0.6,starter_baseline,2,40.0,14.0,26.0,1,25,/Users/aryanthodupunuri/terminal-algo-strategy/results/tuning/grid/replays/c_0.60/starter_baseline/run_2.replay
0.6,starter_baseline,3,51.0,34.0,17.0,1,25,/Users/aryanthodupunuri/terminal-algo-strategy/results/tuning/grid/replays/c_0.60/starter_baseline/run_3.replay
0.6,defensive_opponent,1,44.0,0.0,44.0,1,35,/Users/aryanthodupunuri/terminal-algo-strategy/results/tuning/grid/replays/c_0.60/defensive_opponent/run_1.replay
0.6,defensive_opponent,2,44.0,0.0,44.0,1,35,/Users/aryanthodupunuri/terminal-algo-strategy/results/tuning/grid/replays/c_0.60/defensive_opponent/run_2.replay
0.6,defensive_opponent,3,44.0,0.0,44.0,1,35,/Users/aryanthodupunuri/terminal-algo-strategy/results/tuning/grid/replays/c_0.60/defensive_opponent/run_3.replay
0.6,aggressive_opponent,1,60.0,27.0,33.0,1,45,/Users/aryanthodupunuri/terminal-algo-strategy/results/tuning/grid/replays/c_0.60/aggressive_opponent/run_1.replay
0.6,aggressive_opponent,2,49.0,10.0,39.0,1,33,/Users/aryanthodupunuri/terminal-algo-strategy/results/tuning/grid/replays/c_0.60/aggressive_opponent/run_2.replay
0.6,aggressive_opponent,3,43.0,24.0,19.0,1,43,/Users/aryanthodupunuri/terminal-algo-strategy/results/tuning/grid/replays/c_0.60/aggressive_opponent/run_3.replay
0.7,starter_baseline,1,10.0,41.0,-31.0,0,16,/Users/aryanthodupunuri/terminal-algo-strategy/results/tuning/grid/replays/c_0.70/starter_baseline/run_1.replay
0.7,starter_baseline,2,10.0,41.0,-31.0,0,16,/Users/aryanthodupunuri/terminal-algo-strategy/results/tuning/grid/replays/c_0.70/starter_baseline/run_2.replay
0.7,starter_baseline,3,8.0,40.0,-32.0,0,17,/Users/aryanthodupunuri/terminal-algo-strategy/results/tuning/grid/replays/c_0.70/starter_baseline/run_3.replay
0.7,defensive_opponent,1,41.0,0.0,41.0,1,49,/Users/aryanthodupunuri/terminal-algo-strategy/results/tuning/grid/replays/c_0.70/defensive_opponent/run_1.replay
0.7,defensive_opponent,2,40.0,0.0,40.0,1,45,/Users/aryanthodupunuri/terminal-algo-strategy/results/tuning/grid/replays/c_0.70/defensive_opponent/run_2.replay
0.7,defensive_opponent,3,41.0,0.0,41.0,1,49,/Users/aryanthodupunuri/terminal-algo-strategy/results/tuning/grid/replays/c_0.70/defensive_opponent/run_3.replay
0.7,aggressive_opponent,1,41.0,10.0,31.0,1,48,/Users/aryanthodupunuri/terminal-algo-strategy/results/tuning/grid/replays/c_0.70/aggressive_opponent/run_1.replay
0.7,aggressive_opponent,2,17.0,40.0,-23.0,0,60,/Users/aryanthodupunuri/terminal-algo-strategy/results/tuning/grid/replays/c_0.70/aggressive_opponent/run_2.replay
0.7,aggressive_opponent,3,16.0,41.0,-25.0,0,60,/Users/aryanthodupunuri/terminal-algo-strategy/results/tuning/grid/replays/c_0.70/aggressive_opponent/run_3.replay
0.8,starter_baseline,1,8.0,41.0,-33.0,0,16,/Users/aryanthodupunuri/terminal-algo-strategy/results/tuning/grid/replays/c_0.80/starter_baseline/run_1.replay
0.8,starter_baseline,2,16.0,40.0,-24.0,0,17,/Users/aryanthodupunuri/terminal-algo-strategy/results/tuning/grid/replays/c_0.80/starter_baseline/run_2.replay
0.8,starter_baseline,3,7.0,40.0,-33.0,0,17,/Users/aryanthodupunuri/terminal-algo-strategy/results/tuning/grid/replays/c_0.80/starter_baseline/run_3.replay
0.8,defensive_opponent,1,44.0,0.0,44.0,1,47,/Users/aryanthodupunuri/terminal-algo-strategy/results/tuning/grid/replays/c_0.80/defensive_opponent/run_1.replay
0.8,defensive_opponent,2,41.0,1.0,40.0,1,46,/Users/aryanthodupunuri/terminal-algo-strategy/results/tuning/grid/replays/c_0.80/defensive_opponent/run_2.replay
0.8,defensive_opponent,3,40.0,0.0,40.0,1,50,/Users/aryanthodupunuri/terminal-algo-strategy/results/tuning/grid/replays/c_0.80/defensive_opponent/run_3.replay
0.8,aggressive_opponent,1,14.0,41.0,-27.0,0,44,/Users/aryanthodupunuri/terminal-algo-strategy/results/tuning/grid/replays/c_0.80/aggressive_opponent/run_1.replay
0.8,aggressive_opponent,2,21.0,41.0,-20.0,0,44,/Users/aryanthodupunuri/terminal-algo-strategy/results/tuning/grid/replays/c_0.80/aggressive_opponent/run_2.replay
0.8,aggressive_opponent,3,13.0,41.0,-28.0,0,44,/Users/aryanthodupunuri/terminal-algo-strategy/results/tuning/grid/replays/c_0.80/aggressive_opponent/run_3.replay
0.9,starter_baseline,1,17.0,47.0,-30.0,0,11,/Users/aryanthodupunuri/terminal-algo-strategy/results/tuning/grid/replays/c_0.90/starter_baseline/run_1.replay
0.9,starter_baseline,2,11.0,42.0,-31.0,0,21,/Users/aryanthodupunuri/terminal-algo-strategy/results/tuning/grid/replays/c_0.90/starter_baseline/run_2.replay
0.9,starter_baseline,3,13.0,47.0,-34.0,0,11,/Users/aryanthodupunuri/terminal-algo-strategy/results/tuning/grid/replays/c_0.90/starter_baseline/run_3.replay
0.9,defensive_opponent,1,40.0,1.0,39.0,1,37,/Users/aryanthodupunuri/terminal-algo-strategy/results/tuning/grid/replays/c_0.90/defensive_opponent/run_1.replay
0.9,defensive_opponent,2,42.0,4.0,38.0,1,45,/Users/aryanthodupunuri/terminal-algo-strategy/results/tuning/grid/replays/c_0.90/defensive_opponent/run_2.replay
0.9,defensive_opponent,3,44.0,5.0,39.0,1,48,/Users/aryanthodupunuri/terminal-algo-strategy/results/tuning/grid/replays/c_0.90/defensive_opponent/run_3.replay
0.9,aggressive_opponent,1,44.0,41.0,3.0,0,70,/Users/aryanthodupunuri/terminal-algo-strategy/results/tuning/grid/replays/c_0.90/aggressive_opponent/run_1.replay
0.9,aggressive_opponent,2,41.0,41.0,0.0,0,65,/Users/aryanthodupunuri/terminal-algo-strategy/results/tuning/grid/replays/c_0.90/aggressive_opponent/run_2.replay
0.9,aggressive_opponent,3,41.0,41.0,0.0,0,65,/Users/aryanthodupunuri/terminal-algo-strategy/results/tuning/grid/replays/c_0.90/aggressive_opponent/run_3.replay
1.0,starter_baseline,1,8.0,47.0,-39.0,0,11,/Users/aryanthodupunuri/terminal-algo-strategy/results/tuning/grid/replays/c_1.00/starter_baseline/run_1.replay
1.0,starter_baseline,2,8.0,47.0,-39.0,0,11,/Users/aryanthodupunuri/terminal-algo-strategy/results/tuning/grid/replays/c_1.00/starter_baseline/run_2.replay
1.0,starter_baseline,3,13.0,46.0,-33.0,0,11,/Users/aryanthodupunuri/terminal-algo-strategy/results/tuning/grid/replays/c_1.00/starter_baseline/run_3.replay
1.0,defensive_opponent,1,44.0,5.0,39.0,1,80,/Users/aryanthodupunuri/terminal-algo-strategy/results/tuning/grid/replays/c_1.00/defensive_opponent/run_1.replay
1.0,defensive_opponent,2,40.0,3.0,37.0,1,77,/Users/aryanthodupunuri/terminal-algo-strategy/results/tuning/grid/replays/c_1.00/defensive_opponent/run_2.replay
1.0,defensive_opponent,3,40.0,9.0,31.0,1,62,/Users/aryanthodupunuri/terminal-algo-strategy/results/tuning/grid/replays/c_1.00/defensive_opponent/run_3.replay
1.0,aggressive_opponent,1,43.0,15.0,28.0,1,47,/Users/aryanthodupunuri/terminal-algo-strategy/results/tuning/grid/replays/c_1.00/aggressive_opponent/run_1.replay
1.0,aggressive_opponent,2,43.0,17.0,26.0,1,47,/Users/aryanthodupunuri/terminal-algo-strategy/results/tuning/grid/replays/c_1.00/aggressive_opponent/run_2.replay
1.0,aggressive_opponent,3,42.0,15.0,27.0,1,45,/Users/aryanthodupunuri/terminal-algo-strategy/results/tuning/grid/replays/c_1.00/aggressive_opponent/run_3.replay
